Time Taken,Download,Upload
2023-03-07 09:23:06.634705,43.26666666666667,10.003333333333332
